language_code,language,sentence,text
en,English,1,"Stay close to me, the forest is dangerous at night."
en,English,2,Have you seen my brother? He left the village this morning and never came back.
en,English,3,We don't have much time.
en,English,4,"The old bridge collapsed during the storm, so we will have to find another way across the river."
en,English,5,"Thank you, I owe you my life."
en,English,6,Why would the king lie to his own people?
en,English,7,"Listen carefully: when the bell rings, open the gate and run as fast as you can."
en,English,8,I have never seen anything so beautiful.
en,English,9,The merchants say the roads to the north are full of thieves this season.
en,English,10,Don't touch that! It's far older than you think.
en,English,11,"If we fail tonight, nobody will remember our names."
en,English,12,"Welcome back, traveler. Your room is ready and dinner is still warm."
en,English,13,Something is wrong with the water in the well.
en,English,14,She promised she would wait for me at the harbor until sunset.
en,English,15,Put down your weapon and tell me who sent you.
fr,French,1,"Reste près de moi, la forêt est dangereuse la nuit."
fr,French,2,Tu as vu mon frère ? Il a quitté le village ce matin et il n'est jamais revenu.
fr,French,3,Nous n'avons pas beaucoup de temps.
fr,French,4,"Le vieux pont s'est effondré pendant la tempête, alors il faudra trouver un autre moyen de traverser la rivière."
fr,French,5,"Merci, je te dois la vie."
fr,French,6,Pourquoi le roi mentirait-il à son propre peuple ?
fr,French,7,"Écoute bien : quand la cloche sonnera, ouvre la porte et cours aussi vite que tu peux."
fr,French,8,Je n'ai jamais rien vu d'aussi beau.
fr,French,9,Les marchands disent que les routes du nord sont pleines de voleurs en cette saison.
fr,French,10,Ne touche pas à ça ! C'est bien plus ancien que tu ne le crois.
fr,French,11,"Si nous échouons ce soir, personne ne se souviendra de nos noms."
fr,French,12,"Bon retour, voyageur. Ta chambre est prête et le dîner est encore chaud."
fr,French,13,Il y a quelque chose d'anormal avec l'eau du puits.
fr,French,14,Elle m'a promis de m'attendre au port jusqu'au coucher du soleil.
fr,French,15,Pose ton arme et dis-moi qui t'envoie.
de,German,1,"Bleib in meiner Nähe, der Wald ist nachts gefährlich."
de,German,2,Hast du meinen Bruder gesehen? Er hat heute Morgen das Dorf verlassen und ist nie zurückgekommen.
de,German,3,Wir haben nicht viel Zeit.
de,German,4,"Die alte Brücke ist während des Sturms eingestürzt, also müssen wir einen anderen Weg über den Fluss finden."
de,German,5,"Danke, ich verdanke dir mein Leben."
de,German,6,Warum sollte der König sein eigenes Volk belügen?
de,German,7,"Hör gut zu: Wenn die Glocke läutet, öffne das Tor und lauf so schnell du kannst."
de,German,8,Ich habe noch nie etwas so Schönes gesehen.
de,German,9,"Die Händler sagen, dass die Straßen im Norden in dieser Jahreszeit voller Diebe sind."
de,German,10,"Fass das nicht an! Es ist viel älter, als du denkst."
de,German,11,"Wenn wir heute Nacht scheitern, wird sich niemand an unsere Namen erinnern."
de,German,12,"Willkommen zurück, Reisender. Dein Zimmer ist bereit und das Abendessen ist noch warm."
de,German,13,Mit dem Wasser im Brunnen stimmt etwas nicht.
de,German,14,"Sie hat versprochen, bis zum Sonnenuntergang am Hafen auf mich zu warten."
de,German,15,"Leg deine Waffe nieder und sag mir, wer dich geschickt hat."
es,Spanish,1,"Quédate cerca de mí, el bosque es peligroso de noche."
es,Spanish,2,¿Has visto a mi hermano? Salió del pueblo esta mañana y nunca volvió.
es,Spanish,3,No tenemos mucho tiempo.
es,Spanish,4,"El viejo puente se derrumbó durante la tormenta, así que tendremos que encontrar otra forma de cruzar el río."
es,Spanish,5,"Gracias, te debo la vida."
es,Spanish,6,¿Por qué mentiría el rey a su propio pueblo?
es,Spanish,7,"Escucha con atención: cuando suene la campana, abre la puerta y corre lo más rápido que puedas."
es,Spanish,8,Nunca he visto nada tan hermoso.
es,Spanish,9,Los mercaderes dicen que los caminos del norte están llenos de ladrones en esta temporada.
es,Spanish,10,¡No toques eso! Es mucho más antiguo de lo que crees.
es,Spanish,11,"Si fracasamos esta noche, nadie recordará nuestros nombres."
es,Spanish,12,"Bienvenido de nuevo, viajero. Tu habitación está lista y la cena todavía está caliente."
es,Spanish,13,Algo le pasa al agua del pozo.
es,Spanish,14,Ella prometió esperarme en el puerto hasta la puesta del sol.
es,Spanish,15,Baja tu arma y dime quién te ha enviado.
it,Italian,1,"Stammi vicino, la foresta è pericolosa di notte."
it,Italian,2,Hai visto mio fratello? Ha lasciato il villaggio stamattina e non è più tornato.
it,Italian,3,Non abbiamo molto tempo.
it,Italian,4,"Il vecchio ponte è crollato durante la tempesta, quindi dovremo trovare un altro modo per attraversare il fiume."
it,Italian,5,"Grazie, ti devo la vita."
it,Italian,6,Perché il re dovrebbe mentire al suo stesso popolo?
it,Italian,7,"Ascolta bene: quando suona la campana, apri il cancello e corri più veloce che puoi."
it,Italian,8,Non ho mai visto niente di così bello.
it,Italian,9,I mercanti dicono che le strade verso nord sono piene di ladri in questa stagione.
it,Italian,10,Non toccarlo! È molto più antico di quanto pensi.
it,Italian,11,"Se falliamo stanotte, nessuno ricorderà i nostri nomi."
it,Italian,12,"Bentornato, viaggiatore. La tua stanza è pronta e la cena è ancora calda."
it,Italian,13,C'è qualcosa che non va nell'acqua del pozzo.
it,Italian,14,Ha promesso di aspettarmi al porto fino al tramonto.
it,Italian,15,Abbassa l'arma e dimmi chi ti ha mandato.
pt,Portuguese,1,"Fique perto de mim, a floresta é perigosa à noite."
pt,Portuguese,2,Você viu o meu irmão? Ele saiu da aldeia hoje de manhã e nunca mais voltou.
pt,Portuguese,3,Não temos muito tempo.
pt,Portuguese,4,"A velha ponte desabou durante a tempestade, então teremos que encontrar outro caminho para atravessar o rio."
pt,Portuguese,5,"Obrigado, eu te devo a minha vida."
pt,Portuguese,6,Por que o rei mentiria para o seu próprio povo?
pt,Portuguese,7,"Escute com atenção: quando o sino tocar, abra o portão e corra o mais rápido que puder."
pt,Portuguese,8,Eu nunca vi nada tão bonito.
pt,Portuguese,9,Os mercadores dizem que as estradas do norte estão cheias de ladrões nesta estação.
pt,Portuguese,10,Não toque nisso! É muito mais antigo do que você pensa.
pt,Portuguese,11,"Se falharmos esta noite, ninguém vai se lembrar dos nossos nomes."
pt,Portuguese,12,"Bem-vindo de volta, viajante. O seu quarto está pronto e o jantar ainda está quente."
pt,Portuguese,13,Tem alguma coisa errada com a água do poço.
pt,Portuguese,14,Ela prometeu me esperar no porto até o pôr do sol.
pt,Portuguese,15,Abaixe a sua arma e me diga quem te mandou.
nl,Dutch,1,"Blijf dicht bij me, het bos is 's nachts gevaarlijk."
nl,Dutch,2,Heb je mijn broer gezien? Hij is vanochtend uit het dorp vertrokken en nooit teruggekomen.
nl,Dutch,3,We hebben niet veel tijd.
nl,Dutch,4,"De oude brug is tijdens de storm ingestort, dus we moeten een andere manier vinden om de rivier over te steken."
nl,Dutch,5,"Dank je, ik heb mijn leven aan jou te danken."
nl,Dutch,6,Waarom zou de koning tegen zijn eigen volk liegen?
nl,Dutch,7,"Luister goed: als de klok luidt, open je de poort en ren je zo snel als je kunt."
nl,Dutch,8,Ik heb nog nooit iets zo moois gezien.
nl,Dutch,9,De handelaars zeggen dat de wegen naar het noorden dit seizoen vol dieven zijn.
nl,Dutch,10,Raak dat niet aan! Het is veel ouder dan je denkt.
nl,Dutch,11,"Als we vannacht falen, zal niemand zich onze namen herinneren."
nl,Dutch,12,"Welkom terug, reiziger. Je kamer is klaar en het avondeten is nog warm."
nl,Dutch,13,Er is iets mis met het water in de put.
nl,Dutch,14,Ze beloofde dat ze tot zonsondergang in de haven op me zou wachten.
nl,Dutch,15,Leg je wapen neer en vertel me wie je heeft gestuurd.
da,Danish,1,"Bliv tæt på mig, skoven er farlig om natten."
da,Danish,2,Har du set min bror? Han forlod landsbyen i morges og kom aldrig tilbage.
da,Danish,3,Vi har ikke meget tid.
da,Danish,4,"Den gamle bro styrtede sammen under stormen, så vi bliver nødt til at finde en anden vej over floden."
da,Danish,5,"Tak, jeg skylder dig mit liv."
da,Danish,6,Hvorfor skulle kongen lyve for sit eget folk?
da,Danish,7,"Lyt godt efter: når klokken ringer, så åbn porten og løb så hurtigt du kan."
da,Danish,8,Jeg har aldrig set noget så smukt.
da,Danish,9,"Købmændene siger, at vejene mod nord er fulde af tyve i denne sæson."
da,Danish,10,"Rør ikke ved det! Det er meget ældre, end du tror."
da,Danish,11,"Hvis vi fejler i nat, vil ingen huske vores navne."
da,Danish,12,"Velkommen tilbage, rejsende. Dit værelse er klar, og aftensmaden er stadig varm."
da,Danish,13,Der er noget galt med vandet i brønden.
da,Danish,14,Hun lovede at vente på mig ved havnen indtil solnedgang.
da,Danish,15,"Læg dit våben ned og fortæl mig, hvem der har sendt dig."
no,Norwegian,1,"Hold deg nær meg, skogen er farlig om natten."
no,Norwegian,2,Har du sett broren min? Han forlot landsbyen i morges og kom aldri tilbake.
no,Norwegian,3,Vi har ikke mye tid.
no,Norwegian,4,"Den gamle brua raste sammen under stormen, så vi må finne en annen vei over elva."
no,Norwegian,5,"Takk, jeg skylder deg livet mitt."
no,Norwegian,6,Hvorfor skulle kongen lyve for sitt eget folk?
no,Norwegian,7,"Hør godt etter: når klokka ringer, åpner du porten og løper så fort du kan."
no,Norwegian,8,Jeg har aldri sett noe så vakkert.
no,Norwegian,9,Kjøpmennene sier at veiene mot nord er fulle av tyver denne sesongen.
no,Norwegian,10,Ikke rør det! Det er mye eldre enn du tror.
no,Norwegian,11,"Hvis vi mislykkes i natt, vil ingen huske navnene våre."
no,Norwegian,12,"Velkommen tilbake, reisende. Rommet ditt er klart, og middagen er fortsatt varm."
no,Norwegian,13,Det er noe galt med vannet i brønnen.
no,Norwegian,14,Hun lovet å vente på meg ved havna til solnedgang.
no,Norwegian,15,Legg ned våpenet ditt og fortell meg hvem som sendte deg.
sv,Swedish,1,"Håll dig nära mig, skogen är farlig på natten."
sv,Swedish,2,Har du sett min bror? Han lämnade byn i morse och kom aldrig tillbaka.
sv,Swedish,3,Vi har inte mycket tid.
sv,Swedish,4,"Den gamla bron rasade under stormen, så vi måste hitta en annan väg över floden."
sv,Swedish,5,"Tack, jag är skyldig dig mitt liv."
sv,Swedish,6,Varför skulle kungen ljuga för sitt eget folk?
sv,Swedish,7,"Lyssna noga: när klockan ringer, öppna porten och spring så fort du kan."
sv,Swedish,8,Jag har aldrig sett något så vackert.
sv,Swedish,9,Köpmännen säger att vägarna norrut är fulla av tjuvar den här säsongen.
sv,Swedish,10,Rör inte det där! Det är mycket äldre än du tror.
sv,Swedish,11,Om vi misslyckas i natt kommer ingen att minnas våra namn.
sv,Swedish,12,"Välkommen tillbaka, resenär. Ditt rum är klart och middagen är fortfarande varm."
sv,Swedish,13,Det är något fel på vattnet i brunnen.
sv,Swedish,14,Hon lovade att vänta på mig vid hamnen till solnedgången.
sv,Swedish,15,Lägg ner ditt vapen och säg vem som skickade dig.
fi,Finnish,1,"Pysy lähelläni, metsä on vaarallinen yöllä."
fi,Finnish,2,Oletko nähnyt veljeäni? Hän lähti kylästä tänä aamuna eikä koskaan palannut.
fi,Finnish,3,Meillä ei ole paljon aikaa.
fi,Finnish,4,"Vanha silta romahti myrskyn aikana, joten meidän täytyy löytää toinen tapa ylittää joki."
fi,Finnish,5,"Kiitos, olen sinulle henkeni velkaa."
fi,Finnish,6,Miksi kuningas valehtelisi omalle kansalleen?
fi,Finnish,7,"Kuuntele tarkkaan: kun kello soi, avaa portti ja juokse niin nopeasti kuin pystyt."
fi,Finnish,8,En ole koskaan nähnyt mitään niin kaunista.
fi,Finnish,9,"Kauppiaat sanovat, että pohjoiseen vievät tiet ovat tänä vuodenaikana täynnä varkaita."
fi,Finnish,10,Älä koske tuohon! Se on paljon vanhempi kuin luulet.
fi,Finnish,11,"Jos epäonnistumme tänä yönä, kukaan ei muista nimiämme."
fi,Finnish,12,"Tervetuloa takaisin, matkalainen. Huoneesi on valmis ja illallinen on vielä lämmintä."
fi,Finnish,13,Kaivon vedessä on jotain vialla.
fi,Finnish,14,Hän lupasi odottaa minua satamassa auringonlaskuun asti.
fi,Finnish,15,"Laske aseesi ja kerro, kuka sinut lähetti."
pl,Polish,1,"Trzymaj się blisko mnie, las jest niebezpieczny w nocy."
pl,Polish,2,Widziałeś mojego brata? Opuścił wioskę dziś rano i nigdy nie wrócił.
pl,Polish,3,Nie mamy dużo czasu.
pl,Polish,4,"Stary most zawalił się podczas burzy, więc będziemy musieli znaleźć inną drogę przez rzekę."
pl,Polish,5,"Dziękuję, zawdzięczam ci życie."
pl,Polish,6,Dlaczego król miałby okłamywać własny lud?
pl,Polish,7,"Słuchaj uważnie: kiedy zadzwoni dzwon, otwórz bramę i biegnij tak szybko, jak potrafisz."
pl,Polish,8,Nigdy nie widziałem czegoś tak pięknego.
pl,Polish,9,"Kupcy mówią, że drogi na północ są w tym sezonie pełne złodziei."
pl,Polish,10,"Nie dotykaj tego! To jest o wiele starsze, niż myślisz."
pl,Polish,11,"Jeśli dziś w nocy nam się nie uda, nikt nie zapamięta naszych imion."
pl,Polish,12,"Witaj z powrotem, podróżniku. Twój pokój jest gotowy, a kolacja jest jeszcze ciepła."
pl,Polish,13,Coś jest nie tak z wodą w studni.
pl,Polish,14,"Obiecała, że będzie na mnie czekać w porcie aż do zachodu słońca."
pl,Polish,15,"Odłóż broń i powiedz mi, kto cię przysłał."
ru,Russian,1,"Держись рядом со мной, ночью лес опасен."
ru,Russian,2,Ты видел моего брата? Он ушёл из деревни сегодня утром и так и не вернулся.
ru,Russian,3,У нас мало времени.
ru,Russian,4,"Старый мост рухнул во время бури, так что нам придётся найти другой путь через реку."
ru,Russian,5,"Спасибо, я обязан тебе жизнью."
ru,Russian,6,Зачем королю лгать своему собственному народу?
ru,Russian,7,"Слушай внимательно: когда зазвонит колокол, открой ворота и беги так быстро, как только можешь."
ru,Russian,8,Я никогда не видел ничего настолько красивого.
ru,Russian,9,"Торговцы говорят, что в этом сезоне дороги на север полны воров."
ru,Russian,10,"Не трогай это! Оно гораздо старше, чем ты думаешь."
ru,Russian,11,"Если сегодня ночью мы потерпим неудачу, никто не вспомнит наших имён."
ru,Russian,12,"С возвращением, путник. Твоя комната готова, а ужин ещё тёплый."
ru,Russian,13,С водой в колодце что-то не так.
ru,Russian,14,Она обещала ждать меня в гавани до заката.
ru,Russian,15,"Опусти оружие и скажи, кто тебя послал."
el,Greek,1,"Μείνε κοντά μου, το δάσος είναι επικίνδυνο τη νύχτα."
el,Greek,2,Είδες τον αδερφό μου; Έφυγε από το χωριό σήμερα το πρωί και δεν γύρισε ποτέ.
el,Greek,3,Δεν έχουμε πολύ χρόνο.
el,Greek,4,"Η παλιά γέφυρα κατέρρευσε κατά τη διάρκεια της καταιγίδας, οπότε θα πρέπει να βρούμε άλλο τρόπο να περάσουμε το ποτάμι."
el,Greek,5,"Σε ευχαριστώ, σου χρωστάω τη ζωή μου."
el,Greek,6,Γιατί να λέει ψέματα ο βασιλιάς στον ίδιο του τον λαό;
el,Greek,7,"Άκου προσεκτικά: όταν χτυπήσει η καμπάνα, άνοιξε την πύλη και τρέξε όσο πιο γρήγορα μπορείς."
el,Greek,8,Δεν έχω δει ποτέ κάτι τόσο όμορφο.
el,Greek,9,Οι έμποροι λένε ότι οι δρόμοι προς τον βορρά είναι γεμάτοι κλέφτες αυτή την εποχή.
el,Greek,10,Μην το αγγίζεις! Είναι πολύ πιο παλιό απ' όσο νομίζεις.
el,Greek,11,"Αν αποτύχουμε απόψε, κανείς δεν θα θυμάται τα ονόματά μας."
el,Greek,12,"Καλώς ήρθες πίσω, ταξιδιώτη. Το δωμάτιό σου είναι έτοιμο και το δείπνο είναι ακόμα ζεστό."
el,Greek,13,Κάτι δεν πάει καλά με το νερό στο πηγάδι.
el,Greek,14,Υποσχέθηκε ότι θα με περιμένει στο λιμάνι μέχρι το ηλιοβασίλεμα.
el,Greek,15,Κατέβασε το όπλο σου και πες μου ποιος σε έστειλε.
tr,Turkish,1,"Yanımdan ayrılma, orman geceleri tehlikelidir."
tr,Turkish,2,Kardeşimi gördün mü? Bu sabah köyden ayrıldı ve bir daha geri dönmedi.
tr,Turkish,3,Fazla zamanımız yok.
tr,Turkish,4,"Eski köprü fırtına sırasında çöktü, bu yüzden nehri geçmek için başka bir yol bulmamız gerekecek."
tr,Turkish,5,"Teşekkür ederim, sana hayatımı borçluyum."
tr,Turkish,6,Kral neden kendi halkına yalan söylesin?
tr,Turkish,7,Dikkatle dinle: çan çaldığında kapıyı aç ve koşabildiğin kadar hızlı koş.
tr,Turkish,8,Hiç bu kadar güzel bir şey görmemiştim.
tr,Turkish,9,Tüccarlar bu mevsimde kuzeye giden yolların hırsızlarla dolu olduğunu söylüyor.
tr,Turkish,10,Ona dokunma! Sandığından çok daha eski.
tr,Turkish,11,Bu gece başarısız olursak kimse isimlerimizi hatırlamayacak.
tr,Turkish,12,Tekrar hoş geldin yolcu. Odan hazır ve akşam yemeği hâlâ sıcak.
tr,Turkish,13,Kuyudaki suda bir terslik var.
tr,Turkish,14,Gün batımına kadar beni limanda bekleyeceğine söz verdi.
tr,Turkish,15,Silahını indir ve seni kimin gönderdiğini söyle.
ar,Arabic,1,ابقَ قريبًا مني، فالغابة خطيرة في الليل.
ar,Arabic,2,هل رأيت أخي؟ لقد غادر القرية هذا الصباح ولم يعد أبدًا.
ar,Arabic,3,ليس لدينا الكثير من الوقت.
ar,Arabic,4,انهار الجسر القديم أثناء العاصفة، لذلك علينا أن نجد طريقًا آخر لعبور النهر.
ar,Arabic,5,شكرًا لك، أنا مدين لك بحياتي.
ar,Arabic,6,لماذا يكذب الملك على شعبه؟
ar,Arabic,7,استمع جيدًا: عندما يدق الجرس، افتح البوابة واركض بأسرع ما يمكنك.
ar,Arabic,8,لم أرَ في حياتي شيئًا بهذا الجمال.
ar,Arabic,9,يقول التجار إن الطرق المؤدية إلى الشمال مليئة باللصوص في هذا الموسم.
ar,Arabic,10,لا تلمس ذلك! إنه أقدم بكثير مما تظن.
ar,Arabic,11,إذا فشلنا الليلة، فلن يتذكر أحد أسماءنا.
ar,Arabic,12,مرحبًا بعودتك أيها المسافر. غرفتك جاهزة والعشاء لا يزال ساخنًا.
ar,Arabic,13,هناك خطب ما في ماء البئر.
ar,Arabic,14,وعدتني بأن تنتظرني في الميناء حتى غروب الشمس.
ar,Arabic,15,ضع سلاحك جانبًا وأخبرني من أرسلك.
hi,Hindi,1,"मेरे पास ही रहना, रात में जंगल खतरनाक होता है।"
hi,Hindi,2,क्या तुमने मेरे भाई को देखा है? वह आज सुबह गाँव से निकला था और फिर कभी वापस नहीं आया।
hi,Hindi,3,हमारे पास ज़्यादा समय नहीं है।
hi,Hindi,4,"तूफ़ान के दौरान पुराना पुल गिर गया, इसलिए हमें नदी पार करने का कोई दूसरा रास्ता ढूँढना होगा।"
hi,Hindi,5,"धन्यवाद, मैं तुम्हारा जीवन भर कर्ज़दार रहूँगा।"
hi,Hindi,6,राजा अपनी ही प्रजा से झूठ क्यों बोलेगा?
hi,Hindi,7,"ध्यान से सुनो: जब घंटी बजे, तो दरवाज़ा खोलना और जितना तेज़ हो सके भागना।"
hi,Hindi,8,मैंने इतनी सुंदर चीज़ पहले कभी नहीं देखी।
hi,Hindi,9,व्यापारी कहते हैं कि इस मौसम में उत्तर की सड़कें चोरों से भरी हुई हैं।
hi,Hindi,10,उसे मत छूना! वह तुम्हारी सोच से कहीं ज़्यादा पुराना है।
hi,Hindi,11,"अगर आज रात हम हार गए, तो कोई भी हमारे नाम याद नहीं रखेगा।"
hi,Hindi,12,"वापस स्वागत है, मुसाफ़िर। तुम्हारा कमरा तैयार है और खाना अभी भी गरम है।"
hi,Hindi,13,कुएँ के पानी में कुछ गड़बड़ है।
hi,Hindi,14,उसने वादा किया था कि वह सूरज ढलने तक बंदरगाह पर मेरा इंतज़ार करेगी।
hi,Hindi,15,अपना हथियार नीचे रखो और मुझे बताओ कि तुम्हें किसने भेजा है।
ms,Malay,1,"Duduk dekat dengan saya, hutan ini berbahaya pada waktu malam."
ms,Malay,2,Adakah awak nampak abang saya? Dia meninggalkan kampung pagi tadi dan tidak pernah pulang.
ms,Malay,3,Kita tidak ada banyak masa.
ms,Malay,4,"Jambatan lama itu runtuh semasa ribut, jadi kita perlu mencari jalan lain untuk menyeberangi sungai."
ms,Malay,5,"Terima kasih, saya terhutang nyawa kepada awak."
ms,Malay,6,Mengapa raja mahu menipu rakyatnya sendiri?
ms,Malay,7,"Dengar baik-baik: apabila loceng berbunyi, buka pintu pagar dan lari secepat yang awak boleh."
ms,Malay,8,Saya tidak pernah melihat sesuatu yang begitu cantik.
ms,Malay,9,Para pedagang berkata jalan ke utara penuh dengan pencuri pada musim ini.
ms,Malay,10,Jangan sentuh itu! Benda itu jauh lebih tua daripada yang awak sangka.
ms,Malay,11,"Jika kita gagal malam ini, tiada siapa yang akan mengingati nama kita."
ms,Malay,12,"Selamat kembali, pengembara. Bilik awak sudah siap dan makan malam masih panas."
ms,Malay,13,Ada sesuatu yang tidak kena dengan air di dalam perigi itu.
ms,Malay,14,Dia berjanji akan menunggu saya di pelabuhan sehingga matahari terbenam.
ms,Malay,15,Letakkan senjata awak dan beritahu saya siapa yang menghantar awak.
sw,Swahili,1,"Kaa karibu nami, msitu ni hatari usiku."
sw,Swahili,2,Umemwona kaka yangu? Aliondoka kijijini asubuhi hii na hakurudi tena.
sw,Swahili,3,Hatuna muda mwingi.
sw,Swahili,4,"Daraja la zamani lilianguka wakati wa dhoruba, kwa hiyo tutalazimika kutafuta njia nyingine ya kuvuka mto."
sw,Swahili,5,"Asante, nina deni la maisha yangu kwako."
sw,Swahili,6,Kwa nini mfalme awadanganye watu wake mwenyewe?
sw,Swahili,7,"Sikiliza kwa makini: kengele ikilia, fungua lango na ukimbie haraka uwezavyo."
sw,Swahili,8,Sijawahi kuona kitu kizuri namna hii.
sw,Swahili,9,Wafanyabiashara wanasema barabara za kaskazini zimejaa wezi msimu huu.
sw,Swahili,10,Usiguse hicho! Ni cha zamani zaidi kuliko unavyofikiri.
sw,Swahili,11,"Tukishindwa usiku huu, hakuna mtu atakayekumbuka majina yetu."
sw,Swahili,12,"Karibu tena, msafiri. Chumba chako kiko tayari na chakula cha jioni bado ni cha moto."
sw,Swahili,13,Kuna tatizo na maji ya kisima.
sw,Swahili,14,Aliahidi kwamba atanisubiri bandarini hadi jua litakapozama.
sw,Swahili,15,Weka chini silaha yako na uniambie nani amekutuma.
ko,Korean,1,"내 곁에 있어, 밤의 숲은 위험해."
ko,Korean,2,우리 형 봤어? 오늘 아침에 마을을 떠났는데 돌아오지 않았어.
ko,Korean,3,우리에겐 시간이 많지 않아.
ko,Korean,4,폭풍우 때문에 낡은 다리가 무너졌으니 강을 건널 다른 길을 찾아야 해.
ko,Korean,5,"고마워, 너한테 목숨을 빚졌어."
ko,Korean,6,왜 왕이 자기 백성에게 거짓말을 하겠어?
ko,Korean,7,"잘 들어, 종이 울리면 문을 열고 최대한 빨리 달려."
ko,Korean,8,이렇게 아름다운 건 처음 봐.
ko,Korean,9,상인들 말로는 이번 계절에 북쪽으로 가는 길에 도둑이 들끓는대.
ko,Korean,10,그거 만지지 마! 네가 생각하는 것보다 훨씬 오래된 거야.
ko,Korean,11,오늘 밤 우리가 실패하면 아무도 우리 이름을 기억하지 못할 거야.
ko,Korean,12,"돌아온 걸 환영해요, 여행자님. 방은 준비됐고 저녁은 아직 따뜻해요."
ko,Korean,13,우물물에 뭔가 문제가 있어.
ko,Korean,14,그녀는 해가 질 때까지 항구에서 나를 기다리겠다고 약속했어.
ko,Korean,15,무기를 내려놓고 누가 널 보냈는지 말해.
zh,Chinese,1,待在我身边，夜里的森林很危险。
zh,Chinese,2,你看见我哥哥了吗？他今天早上离开了村子，再也没有回来。
zh,Chinese,3,我们没有多少时间了。
zh,Chinese,4,那座旧桥在暴风雨中倒塌了，所以我们得找另一条路过河。
zh,Chinese,5,谢谢你，我欠你一条命。
zh,Chinese,6,国王为什么要对自己的子民撒谎？
zh,Chinese,7,仔细听好：钟声一响，就打开大门，拼命地跑。
zh,Chinese,8,我从来没见过这么美的东西。
zh,Chinese,9,商人们说，这个季节通往北方的路上到处都是盗贼。
zh,Chinese,10,别碰那个！它比你想象的要古老得多。
zh,Chinese,11,如果我们今晚失败了，就没有人会记得我们的名字。
zh,Chinese,12,欢迎回来，旅行者。你的房间已经准备好了，晚饭还是热的。
zh,Chinese,13,井里的水有点不对劲。
zh,Chinese,14,她答应过会在港口等我，一直等到日落。
zh,Chinese,15,放下你的武器，告诉我是谁派你来的。
ja,Japanese,1,私のそばにいて。夜の森は危険だから。
ja,Japanese,2,私の兄を見なかった？今朝村を出て、それきり戻ってこないの。
ja,Japanese,3,あまり時間がない。
ja,Japanese,4,古い橋が嵐で崩れてしまったから、川を渡る別の道を探さなければならない。
ja,Japanese,5,ありがとう、あなたは命の恩人です。
ja,Japanese,6,どうして王様が自分の民に嘘をつくんだ？
ja,Japanese,7,よく聞いて。鐘が鳴ったら門を開けて、できるだけ速く走るんだ。
ja,Japanese,8,こんなに美しいものは見たことがない。
ja,Japanese,9,商人たちの話では、この季節は北へ向かう道に泥棒がたくさんいるそうだ。
ja,Japanese,10,それに触るな！君が思っているよりずっと古いものだ。
ja,Japanese,11,もし今夜失敗したら、誰も私たちの名前を覚えていないだろう。
ja,Japanese,12,お帰りなさい、旅の方。お部屋の準備はできていますし、夕食もまだ温かいですよ。
ja,Japanese,13,井戸の水が何かおかしい。
ja,Japanese,14,彼女は日が沈むまで港で私を待つと約束した。
ja,Japanese,15,武器を置いて、誰に送られたのか言え。
